{
    "HVACUsage": 0.29228630661964417,
    "Occupancy": 0.09895409643650055,
    "Temperature": 0.3555891215801239,
    "RenewableEnergy": 0.10649967193603516,
    "Hour": 0.07756436616182327,
    "IsWeekend": 0.06910637766122818
}